gene	avg_log2FC	p_val	p_val_adj	pct.1	pct.2
CD79A	4.306915772636896	0	0	0.936	0.04
HLA-DQA1	3.7551706183561318	2.3161029178786088e-287	3.1763035415787244e-283	0.89	0.04
MS4A1	3.3851922588858674	4.847826607506564e-263	6.648309409534502e-259	0.855	0.048
CD79B	3.700201090701594	1.6137344379411747e-249	2.213075408192527e-245	0.916	0.105
HLA-DQB1	3.575284286686213	1.2122430690572849e-245	1.6624701449051604e-241	0.863	0.071
HLA-DRB1	3.7355383342925936	8.314283016292436e-241	1.1402207728543448e-236	0.983	0.181
HLA-DRA	5.108900888589023	2.563836778941742e-223	3.516045758640705e-219	1	0.299
HLA-DRB5	3.1863744356470667	4.47623347378063e-220	6.138706585942756e-216	0.852	0.091
HLA-DPA1	3.59493625724875	3.632226247264786e-216	4.981235075498928e-212	0.977	0.246
HLA-DPB1	3.712788498229477	2.7168056569595197e-211	3.7258272779542855e-207	0.985	0.295
TCL1A	3.6131362100512643	7.594105858314856e-195	1.0414556774092993e-190	0.622	0.021
LINC00926	2.843991179988708	1.970837738542264e-186	2.7028068746368607e-182	0.564	0.01
CD74	4.09365186789319	2.880938809224243e-184	3.950919482970127e-180	1	0.76
HLA-DMA	2.8584576767890404	2.1742019052821303e-178	2.9817004929039136e-174	0.695	0.06
VPREB3	2.433554424612168	4.7939748425195484e-163	6.574457099031309e-159	0.488	0.005
HLA-DQA2	2.3934018091637657	5.48236088898522e-156	7.5185097231543305e-152	0.523	0.019
HLA-DMB	2.33335486272845	2.8003642615309406e-141	3.840419548263532e-137	0.549	0.039
CD3D	-3.225994548647396	8.278020098092469e-135	1.1352476762524013e-130	0.058	0.871
LY86	2.082236983280684	1.9933282799053943e-133	2.7336504030622578e-129	0.465	0.02
CD37	2.067392111891242	2.3432933550669638e-129	3.2135925071388343e-125	0.962	0.703
IL32	-3.290075333738307	1.479767180356617e-125	2.0293527111410644e-121	0.099	0.862
BANK1	2.085852311560945	3.2013932333577253e-124	4.390390680226785e-120	0.483	0.032
HVCN1	1.9326983899815464	6.136014806903899e-122	8.414930706188007e-118	0.491	0.037
FCER2	2.117155218771708	1.8381011525228204e-121	2.5207719205697958e-117	0.381	0.006
IRF8	2.005029761953424	3.1633785170194145e-96	4.338257298240425e-92	0.375	0.023
TSPAN13	1.6765616854913108	3.6044248240485023e-95	4.943108203700116e-91	0.311	0.007
CD3E	-2.4418108833458536	7.410678781035646e-94	1.0163004880312285e-89	0.11	0.761
FCRLA	1.7251692554831604	4.066173479893281e-92	5.576350310325646e-88	0.297	0.005
PDLIM1	1.5308891658617017	4.636104874605633e-88	6.357954225034165e-84	0.317	0.013
LDHB	-1.7837886712626303	6.14185743000652e-87	8.422943279510941e-83	0.41	0.876
HLA-DOB	1.5273458398409132	1.2474788528176505e-85	1.7107924987541258e-81	0.288	0.008
EAF2	1.7945566667394488	9.329476082783795e-85	1.2794443499929697e-80	0.352	0.026
CD40	1.3984580163267417	2.2492023967634505e-82	3.084556166921396e-78	0.291	0.01
PKIG	1.5085317927527697	1.0347649792585854e-81	1.419076692555224e-77	0.276	0.008
GNG7	1.4749896894673933	1.1736355800040505e-79	1.6095238344175548e-75	0.288	0.012
GIMAP7	-2.408302535827068	1.5186410404010107e-79	2.082664322805946e-75	0.076	0.683
S100A4	-2.293841111567759	4.648711143503693e-76	6.375242462200964e-72	0.36	0.825
MARCH1	1.521343160533612	8.531013535677464e-76	1.1699431962828075e-71	0.282	0.013
MEF2C	1.4749481134830682	1.3556439463097555e-72	1.8591301079691986e-68	0.267	0.012
SPIB	1.3864246196853882	1.3737572495953309e-72	1.8839706920950366e-68	0.244	0.006
TMSB4X	-0.6493551144683556	1.2119959228614017e-71	1.6621312086121263e-67	1	1
CD72	1.5572885176378444	5.205393923916834e-71	7.138677227259545e-67	0.265	0.012
KIAA0125	1.3991350718900994	5.698419571392164e-70	7.814812600207214e-66	0.227	0.004
PNOC	1.2516718467139918	1.006846245705992e-68	1.3807889413611973e-64	0.227	0.005
BLK	1.435621246182959	6.011511160496718e-67	8.2441864055052e-63	0.282	0.02
BLNK	1.3799162978110207	1.098485038235413e-63	1.5064623814360454e-59	0.224	0.008
IGLL5	3.475228680885853	5.71560837780446e-63	7.838385329321037e-59	0.233	0.01
NCF1	1.6311822244907628	7.046064511727431e-63	9.662972871383e-59	0.392	0.069
CD19	1.2459539110052238	1.2672803413894698e-62	1.7379482601815188e-58	0.215	0.006
P2RX5	1.5841210911103711	7.0010356992433045e-62	9.601220357942268e-58	0.273	0.023
B2M	-0.6085637501296262	1.5046667969075127e-61	2.063500045278963e-57	1	1
HCST	-2.056800594768126	3.633762097745252e-61	4.983341340847839e-57	0.081	0.601
IL7R	-2.1615378563735104	2.1506647547283797e-60	2.9494216446345e-56	0.113	0.622
ANXA1	-2.150273754916061	6.470969413913237e-60	8.874287454240614e-56	0.125	0.631
SNX2	1.5306528592980826	1.6046305474402545e-58	2.200590332759565e-54	0.471	0.121
SWAP70	1.2701682366727864	2.868962076154311e-58	3.934494591238022e-54	0.235	0.014
LAT2	1.5584843402584738	2.036532988647361e-57	2.792901340630991e-53	0.25	0.019
SMIM14	1.5829459521524547	3.4888532221894947e-57	4.784613308910673e-53	0.323	0.046
GAPT	1.2300720581536086	1.0158298841384947e-55	1.3931091031075315e-51	0.201	0.008
FAM26F	1.632002558372118	1.6004911510304777e-55	2.194913564523197e-51	0.366	0.069
CD7	-2.035581886670701	4.246824365144676e-55	5.824094934359409e-51	0.055	0.54
SNX29P2	1.165146601375745	1.0159790484882927e-53	1.3933136670968445e-49	0.189	0.006
CD2	-2.0586275681815627	1.4536063686082274e-53	1.993475773909323e-49	0.041	0.513
ARHGAP24	0.9961337500816796	3.25304676742246e-53	4.461228336843162e-49	0.172	0.003
CYB561A3	1.423705559586709	6.128891476988602e-53	8.405161771542169e-49	0.326	0.053
RNASE6	1.2320142457097165	1.751415729670598e-52	2.4018915316702577e-48	0.215	0.014
PPAPDC1B	1.4806664948216843	3.0210468422373452e-52	4.1430636394442953e-48	0.314	0.05
FCRL1	1.2083804165012164	4.828172139463471e-52	6.621355272060204e-48	0.221	0.016
S100A6	-1.476071632545734	1.3661154304779955e-51	1.873490701357523e-47	0.352	0.791
LCK	-1.6748494777186762	5.028943027144486e-51	6.896692467425948e-47	0.078	0.557
GIMAP4	-1.9070825291485851	9.784122759229563e-51	1.3417945952007423e-46	0.078	0.546
RPS11	0.699522437957028	4.54763248137333e-50	6.236623184955385e-46	0.991	0.953
HHEX	1.1621630282294766	2.253273093227877e-49	3.0901387200527105e-45	0.201	0.012
CD22	1.0489455437522808	3.478919375752233e-48	4.770990031906613e-44	0.227	0.021
ADAM28	1.0848803757414895	7.866307729656768e-48	1.0787854420451293e-43	0.18	0.008
QRSL1	1.323107077354105	1.2073805387102556e-47	1.6558016707872444e-43	0.27	0.037
NOSIP	-1.7132005253782405	5.953248859157153e-46	8.16428548544812e-42	0.151	0.587
BTK	1.2924340730020247	1.1598456337397052e-45	1.5906123021106317e-41	0.189	0.012
CD180	0.9197405434282883	2.5979779484492708e-45	3.56286695850333e-41	0.151	0.003
RARRES3	-1.5732032026656528	4.691997528330959e-44	6.434605410353077e-40	0.16	0.594
PLEKHF2	1.3116817712865896	6.238814474223983e-44	8.55591016995077e-40	0.294	0.053
TLR10	0.7832332372471995	1.0330934622583635e-42	1.4167843741411198e-38	0.137	0.002
FCGR2B	0.9711545848048788	3.923075989670634e-42	5.380106412234307e-38	0.151	0.005
POU2AF1	0.9498347475535213	4.7435741314245064e-42	6.505337563835568e-38	0.157	0.007
CCDC50	0.828251542361802	3.580222797406974e-40	4.909917544363924e-36	0.163	0.01
S100A10	-1.4400005403960674	3.605758146468085e-40	4.944936722066332e-36	0.244	0.642
AC079767.4	0.8212943363726821	4.893174385198049e-40	6.710499351860605e-36	0.125	0.001
PLD4	0.8464678566427882	5.3562097445276734e-40	7.345506043645252e-36	0.148	0.006
STX7	1.2391874482391743	8.488198589119417e-40	1.1640715545118368e-35	0.273	0.051
LYL1	1.1080095381030046	1.7497051632727732e-39	2.3995456609122812e-35	0.209	0.025
RPL18A	0.4266231512627243	1.1100575930370762e-38	1.5223329830910463e-34	1	0.999
LAPTM5	1.0902673062763366	3.3253634319640693e-38	4.560403410595525e-34	0.872	0.76
CXXC5	0.989781097003713	7.029481564273106e-38	9.640231017244139e-34	0.224	0.031
PPP1R14A	1.2365763708855855	1.2193717758632469e-37	1.6722464534188567e-33	0.125	0.003
MYL12A	-0.642742140720689	2.1278522174410256e-37	2.9181365309986226e-33	0.765	0.941
GIMAP5	-1.790635388525594	6.660081832190921e-37	9.133636224666628e-33	0.047	0.417
FAM129C	0.6990806233459488	6.682467277241022e-37	9.164335624008338e-33	0.119	0.002
FYB	-1.6178448719947236	1.0838772880136768e-36	1.4864293127819563e-32	0.067	0.437
RPS3	-0.4005142442597691	1.2994904001020928e-36	1.78212113470001e-32	0.997	1
RGS10	-1.4945941055997505	6.96430863636156e-36	9.550852863906244e-32	0.093	0.473
IFITM1	-1.2657104742569412	1.0995138226128134e-35	1.5078732563312122e-31	0.198	0.598
RALGPS2	0.896497827013558	1.421473826267679e-35	1.949409205343495e-31	0.16	0.013
RPS14	-0.4101057671125208	4.4151373381932915e-35	6.0549193455982796e-31	1	1
ZFP36L2	-1.1693669593280203	8.537736549689162e-35	1.1708651904243718e-30	0.401	0.754
HLA-DQB2	0.7106070072409721	1.1984885315289625e-34	1.643607172138819e-30	0.119	0.003
ARPC3	0.8357076507047632	2.1181803799518836e-34	2.904872573066013e-30	0.881	0.735
MZB1	0.9201323401580461	8.154418714883796e-34	1.1182969825591638e-29	0.14	0.009
VIM	-1.0098906639244918	1.2794621820413696e-33	1.7546544364515344e-29	0.558	0.844
RP11-693J15.5	0.7440103062908318	9.52729818782765e-33	1.3065736734786838e-28	0.113	0.003
TPT1	-0.369616830646164	9.977508175175943e-33	1.368315471143629e-28	0.991	0.997
KIAA0226L	0.664798388889046	1.2846686161025237e-32	1.7617945401230011e-28	0.116	0.004
LYN	1.076835200729883	1.5858113676715768e-32	2.1747817096248005e-28	0.23	0.042
CD247	-1.42078636732433	2.1294998347644264e-32	2.9203960733959344e-28	0.038	0.368
CYBA	0.74288641368693	5.188192789837556e-32	7.115087591983224e-28	0.884	0.767
TCF4	0.7189358881621853	9.624981668990299e-32	1.3199699860853296e-27	0.125	0.007
GZMM	-1.4549468328940203	3.371120467920152e-31	4.623154609705696e-27	0.02	0.337
IGJ	1.8308919678877487	4.7464693423231425e-31	6.509308056061958e-27	0.131	0.009
PHACTR1	0.749698993801717	7.964618831147004e-31	1.0922678265035e-26	0.113	0.005
FCRL2	0.6725671342719901	8.304176800628792e-31	1.1388348064382324e-26	0.108	0.003
RPS12	-0.3642685037880957	3.544344817675907e-30	4.860714482960739e-26	1	1
POU2F2	1.04639009210688	3.650549471114081e-30	5.00636354468585e-26	0.259	0.061
CTSW	-1.873682059314542	5.2672148962923554e-30	7.223458508775337e-26	0.07	0.391
LAT	-1.363415838054303	7.218475474813854e-30	9.89941726615972e-26	0.032	0.345
GIMAP1	-1.382633975538826	1.4833084880328456e-29	2.0342092604882445e-25	0.049	0.365
CD3G	-1.3640150227355698	1.536547178930984e-29	2.1072208011859515e-25	0.047	0.361
ALOX5	0.7938798423188659	4.542064898873233e-29	6.228987802314752e-25	0.166	0.022
SNX3	1.1549906472121323	1.4556541400481285e-28	1.9962840876620035e-24	0.581	0.347
AFF3	0.780666755611463	1.911443208288603e-28	2.62135321584699e-24	0.122	0.009
TMEM66	-0.7444671745175357	2.1212646078800657e-28	2.9091022832467223e-24	0.581	0.837
YBX3	1.043483146265936	3.2090170898204597e-28	4.400846036979779e-24	0.192	0.034
BCL7A	0.7477252823083357	5.2510493593395135e-28	7.201289091398209e-24	0.108	0.005
SCPEP1	1.0616682046664863	2.072217642682609e-27	2.84183927517493e-23	0.215	0.046
ORAI2	0.9492706670159415	1.1324215471009144e-26	1.553002909694194e-22	0.218	0.049
SRGN	-1.3305428897841887	1.674316595635482e-26	2.2961577792544997e-22	0.203	0.518
PRKCQ-AS1	-1.3136685722406527	3.129439771288582e-26	4.2917137023451615e-22	0.012	0.28
STRBP	0.7785331624059246	3.400556556821208e-26	4.663523262024605e-22	0.151	0.021
GAPDH	-0.7460611167345155	4.914274998648237e-26	6.739436733146192e-22	0.584	0.853
HLA-A	-0.500812132426117	1.1052262442353083e-25	1.5157072713443019e-21	0.936	0.988
SNHG7	1.0478665594789092	2.151787501061796e-25	2.950961378956147e-21	0.5	0.264
CALM1	-0.8488554344565675	2.589541925607268e-25	3.551297796777807e-21	0.456	0.751
HSPA8	-0.7801340115727644	2.805967913381127e-25	3.8481043964108774e-21	0.491	0.779
RGCC	-1.2644497444388616	3.7619150565533646e-25	5.159090308557284e-21	0.047	0.33
TPD52	1.033879887819463	5.776588569065455e-25	7.922013563616365e-21	0.247	0.068
S100A11	-1.293774603568723	9.920366467491491e-25	1.3604790573517832e-20	0.128	0.422
FTL	0.46914720388184517	1.2813953660121855e-24	1.7573056049491113e-20	0.994	0.983
JUNB	-0.75413930865935	1.3099906693619233e-24	1.7965212039629415e-20	0.875	0.919
TRAT1	-1.187294838590317	1.3555009078635978e-24	1.858933945044138e-20	0.026	0.291
C16orf74	1.079926168063255	3.847908456587305e-24	5.27702165736383e-20	0.163	0.028
GSTK1	-0.9776571244925996	4.374945250675087e-24	5.999799916775814e-20	0.27	0.6
LEPROTL1	-1.1320773860330378	1.8228902819717614e-23	2.4999117326960735e-19	0.076	0.358
AQP3	-1.2788613342186557	5.2593085186121995e-23	7.2126157024247705e-19	0.029	0.282
AES	-0.8686102350742504	5.451641613330414e-23	7.47638130852133e-19	0.334	0.657
ID2	-1.5074772060602362	1.0430504174461829e-22	1.4304393424856953e-18	0.078	0.346
LEF1	-1.1753432188620396	4.21463483754345e-22	5.779950216207087e-18	0.026	0.267
ISG20	0.916702823934199	5.515076783489557e-22	7.563376300877578e-18	0.695	0.53
PFN1	-0.5730784664185942	1.3275954244913784e-21	1.8206643651474762e-17	0.84	0.954
NDFIP1	-1.0866887167837964	1.6719685246412418e-21	2.2929376346929988e-17	0.113	0.395
ITM2B	-0.3943751122981838	4.292480342097472e-21	5.886707541152473e-17	0.596	0.844
DNAJB1	-1.0977521770259442	5.411532979168314e-21	7.421376327631426e-17	0.125	0.393
GZMA	-1.8529943360587746	5.7514650317702155e-21	7.887559144569673e-17	0.015	0.237
POLD4	1.0345673527277357	5.796877483731954e-21	7.949837781190002e-17	0.485	0.265
NCF4	0.6223396555581832	2.0239971962808683e-20	2.775709754979583e-16	0.119	0.016
RPS23	0.34169904048873434	2.829721234562528e-20	3.880679701079051e-16	1	0.997
PRKCB	1.051064626890084	3.558310452360678e-20	4.879866954367434e-16	0.265	0.092
MT2A	-1.2107799948507445	3.7520757266046833e-20	5.145596651465663e-16	0.035	0.266
GUCD1	0.8461351409847779	4.0821974895170046e-20	5.598325637123621e-16	0.142	0.026
CCL5	-2.926520002513705	4.6300311120645375e-20	6.349624667085306e-16	0.142	0.379
PLAC8	1.0126987331870851	4.8231017240578516e-20	6.614401704372937e-16	0.576	0.391
RPL8	0.3269495587207185	6.648001621677626e-20	9.117069423968696e-16	1	0.991
CD27	-1.0027486464810849	8.258927451531629e-20	1.1326293107030476e-15	0.122	0.386
OAZ1	0.47854523947191296	1.1471317793127069e-19	1.5731765221494463e-15	0.93	0.873
SEL1L3	0.7678179460056018	1.2107532384689075e-19	1.6604269912362598e-15	0.134	0.023
RPS5	0.29445616102307515	1.223481139837924e-19	1.6778820351737289e-15	1	0.995
CTSS	0.8390974939500131	1.395987114273522e-19	1.914456728514708e-15	0.523	0.339
TSPAN3	0.7132441569841899	1.547709806806601e-19	2.1225292290545726e-15	0.169	0.039
FLT3LG	-1.0246411082756248	1.9659800018703779e-19	2.6961449745650363e-15	0.041	0.27
CDCA7L	0.7988643145286396	4.960795798944082e-19	6.803235358671914e-15	0.131	0.023
SPI1	0.6828095761709276	7.470488444389749e-19	1.0245027852636101e-14	0.14	0.027
NKG7	-2.8794920290885124	1.3238096828807836e-18	1.8154725991027065e-14	0.087	0.313
CD8B	-1.5122317728656598	1.7769504925394776e-18	2.4369099054686396e-14	0.012	0.211
TCF7	-0.9465555800187768	2.1348817325269002e-018	2.927776807987391e-14	0.093	0.336
CFL1	-0.5689597672336029	2.649911258404854e-18	3.634088299776417e-14	0.779	0.931
PRDX2	-0.8531536900749861	5.325461812478278e-18	7.30333832963271e-14	0.142	0.408
HLA-C	-0.4589644760342555	1.3426340340232288e-17	1.841288314259456e-13	0.968	0.992
CD99	-0.9119648020920434	1.7061568915176064e-17	2.339823561027245e-13	0.273	0.542
C10orf54	-0.5263514281724331	2.7998108749952324e-17	3.8396606339684617e-13	0.078	0.313
MAL	-1.1260055652401209	4.3169819791049934e-17	5.920309086144588e-13	0.026	0.222
APLP2	0.8489138048272885	4.9248583830546774e-17	6.753950786521184e-13	0.189	0.056
NDUFS5	-0.7438108293698191	1.273986985479376e-16	1.7471457518864161e-12	0.183	0.441
MALAT1	-0.29173207800343093	1.2916904904170556e-16	1.77142433855795e-12	1	1
LYAR	-1.140441141268997	2.1426992439891037e-16	2.938497743206657e-12	0.047	0.246
DUSP2	-0.9666351057820926	2.3148830187141394e-16	3.1746305718645708e-12	0.108	0.341
SPOCK2	-0.8982089673065115	2.607438127054764e-16	3.5758406474429034e-12	0.096	0.321
CST7	-1.629210536429094	2.659576974983998e-16	3.647343863493055e-12	0.038	0.229
SYNGR2	0.7321047687999274	2.883622457271725e-16	3.954599837902443e-12	0.206	0.068
FAIM3	0.9082278459353821	5.588493934469716e-16	7.664060581731769e-12	0.41	0.231
TMEM154	0.7558667224069278	6.24806578461062e-16	8.568597417015004e-12	0.163	0.044
ARL4C	-0.8616529281096365	6.389685121115559e-16	8.762814175097878e-12	0.049	0.253
ITGB2	-0.8072800795607207	1.1243944653363154e-15	1.541994569762223e-11	0.16	0.399
CXCR4	0.7206659051706454	1.4188416203872785e-15	1.945799398199114e-11	0.811	0.703
CD52	0.44954851401416906	1.5146780404740308e-15	2.0772294647060857e-11	0.953	0.927
PIM1	-0.8756134883231298	1.7327402281087545e-15	2.376279948828346e-11	0.058	0.261
NOTCH2NL	0.7333251298073694	2.1925399784655318e-15	3.0068493264676304e-11	0.169	0.049
ACTG1	-0.5898996389045239	2.2176714411949205e-15	3.041314614454714e-11	0.698	0.874
PIK3IP1	-0.8602582582577607	2.2198184123788e-15	3.044258970736286e-11	0.134	0.371
AMICA1	-0.9063536852020302	2.2761563988574018e-15	3.121520885393041e-11	0.035	0.224
FYN	-0.8861612201145771	2.284117006408728e-15	3.1324380625889296e-11	0.023	0.202
OPN3	0.6761640721007441	2.4922623492397392e-15	3.4178885857473784e-11	0.119	0.025
AAK1	-0.8368637235517613	2.7028925823531847e-15	3.706746887439158e-11	0.032	0.215
CTSH	0.7283591394708354	4.463284964200911e-15	6.120948999905129e-11	0.169	0.05
RPL14	-0.2791469493612624	5.491845072838032e-15	7.531516332890076e-11	0.997	0.995
ITM2A	-0.9672482169424027	7.148219391267528e-15	9.803068073184288e-11	0.029	0.205
ZAP70	-0.9199629352810449	8.56936369397011e-15	1.175202536991061e-10	0.023	0.194
EVL	-0.6259429657792248	9.235632074198208e-15	1.2665745826555424e-10	0.387	0.655
RPS25	-0.2807345986210654	1.1896768232388106e-14	1.6315227953897047e-10	0.988	0.997
SEPW1	-0.8452596142615388	1.3228237049524504e-14	1.8141204289717904e-10	0.076	0.28
LIMD2	0.48918032618738483	1.4550541313475728e-14	1.9954612357300612e-10	0.756	0.66
GIMAP2	-0.9359903240389057	1.906729317918763e-14	2.6148885865937916e-10	0.044	0.225
IFT57	0.7950602194646665	2.5463984157448264e-14	3.492130787352455e-10	0.189	0.064
GPR18	0.6436781430886234	4.191527087449786e-14	5.748260247728636e-10	0.137	0.036
SYPL1	0.7918322725272922	4.254085496546722e-14	5.834052849964174e-10	0.297	0.142
IFNGR2	0.7135492452729191	4.3248997965134256e-14	5.931167580938512e-10	0.169	0.054
ACTB	-0.4715004410095114	4.404498704062903e-14	6.040329522751865e-10	0.977	0.994
REL	0.7468790059890872	4.864693877878599e-14	6.671441184122711e-10	0.203	0.075
ITM2C	0.7544324164616394	5.0774906115618295e-14	6.963270624695893e-10	0.174	0.056
PTPN6	0.8625159666176694	5.861301859025727e-14	8.038189369467882e-10	0.372	0.205
ADK	0.8818301822419332	6.188143385549005e-14	8.486419838941906e-10	0.23	0.094
SH3BGRL3	-0.5482755899076679	7.086328925473819e-14	9.718191488394795e-10	0.666	0.837
FAU	0.289056114283162	7.247701318085255e-14	9.939497587622117e-10	0.994	0.988
CD40LG	-0.7931407935778553	9.389968306054595e-14	1.2877402534923272e-9	0.017	0.176
SNX10	0.6225793930754369	1.0554130474301149e-13	1.4473934532456596e-9	0.137	0.036
TIMP1	-0.8897491966393813	1.1319413977124721e-13	1.5523444328228842e-9	0.049	0.226
CD8A	-1.1006663383575572	1.2315289640999749e-13	1.6889188213667056e-9	0.026	0.187
NGFRAP1	-0.7410357995787615	1.4395892977187713e-13	1.974252762891523e-9	0.003	0.146
SOD1	-0.6404083901583486	1.583866987998061e-13	2.1721151873405407e-9	0.36	0.597
CAPG	0.7725158221176949	1.912395006132384e-13	2.622658511409951e-9	0.262	0.114
MT-CO1	0.2782827305329576	1.9125354848577536e-13	2.622851163933923e-9	0.997	0.995
RPL36A	-0.33550972086856623	2.1335079273382894e-13	2.92589277155173e-9	0.91	0.949
LDLRAP1	-1.0233081682350098	2.3143346438902655e-13	3.1738785306311103e-9	0.038	0.2
DOK2	-0.9398432614372733	2.426208256952042e-13	3.3273020035840306e-9	0.038	0.2
MYL12B	-0.6013114864103102	2.915727216381441e-13	3.9986283045455086e-9	0.523	0.746
NT5C	0.5588456653762697	5.133198258845707e-13	7.039668092181002e-9	0.221	0.089
IL4R	0.8119611502725934	6.256098099753755e-13	8.5796129340023e-9	0.16	0.053
FOS	-0.41837947320337054	6.586379850547936e-13	9.032561327041439e-9	0.834	0.928
OPTN	-0.8128518951371285	6.882033036369724e-13	9.43802010607744e-9	0.041	0.206
SPINT2	0.6461727111966385	8.158335563977374e-13	1.118834139243857e-8	0.244	0.107
SOCS3	-0.87306502770577	8.822650826539892e-13	1.2099383343516807e-8	0.052	0.224
DRAM2	0.5697022551512813	1.1978675539465789e-12	1.6427555634823385e-8	0.253	0.115
CD6	-0.7500912568957109	1.6255602749302494e-12	2.229293361039344e-8	0.026	0.176
CORO1B	-0.9254064152640528	1.9421061552825304e-12	2.6634043813544622e-8	0.026	0.176
NUCB2	-0.7082853430245817	1.9850076211158984e-12	2.722239451598343e-8	0.023	0.174
KLRG1	-1.0753488851650974	2.5152891644767147e-12	3.449467560163366e-8	0.02	0.163
RRAS2	0.5705335533157561	2.5668349111142228e-12	3.520157397102045e-8	0.11	0.027
GZMK	-1.7086888916124783	3.2771732066054056e-12	4.494315335538653e-8	0.032	0.179
RGL4	-0.7066763726341116	3.633541980532493e-12	4.983039472102261e-8	0.02	0.166
C12orf57	-0.7258850782862138	5.736811986458292e-12	7.867463958228901e-8	0.186	0.406
SIGIRR	-0.7660912515965616	6.924740034209323e-12	9.496588482914666e-8	0.078	0.25
MGAT4A	-0.7042828034055895	7.602015068753802e-12	1.0425403465288964e-7	0.041	0.193
TMEM173	-0.676592952134931	8.754976058023546e-12	1.200657416597349e-7	0.015	0.152
C15orf57	1.2307539398820466	9.812271167707753e-12	1.3456548679394413e-7	0.172	0.063
BLOC1S2	0.7784694989015729	1.0986510825291157e-11	1.5066900945804293e-7	0.262	0.129
GNB2L1	0.33512966582684367	1.3560487199231586e-11	1.8596852145026196e-7	0.997	0.988
SAMHD1	-0.6981454224777519	1.4989816583053485e-11	2.055703446199955e-7	0.044	0.195
SH2D1A	-0.7341044231662988	1.526894373735985e-11	2.0939829441415296e-7	0.012	0.142
BCL11B	-0.6915189966427329	1.5501816020856745e-11	2.125919049100294e-7	0.009	0.135
OXNAD1	-0.6916120842130246	1.7054081992867247e-11	2.3387968045018142e-7	0.035	0.182
RCSD1	0.7147671063152241	1.7694193422181013e-11	2.426581685917904e-7	0.328	0.187
SMARCB1	0.6640605070156483	2.4543752777899774e-11	3.3659302559611753e-7	0.227	0.101
RHBDF2	0.4839435179149462	2.459639812264553e-11	3.3731500385396076e-7	0.102	0.025
RPL36AL	-0.4279774709029325	2.597095169634179e-11	3.561656315636313e-7	0.625	0.795
COX6C	-0.6422265272460024	3.237433911612491e-11	4.43981686638537e-7	0.291	0.507
GMFG	-0.529307919329467	3.492661251141455e-11	4.789835639815392e-7	0.483	0.694
CAMK1D	0.8756261799429425	3.518470160004802e-11	4.825229977430586e-7	0.125	0.037
IL10RA	-0.7547618285824897	3.558184442420256e-11	4.879694144335139e-7	0.07	0.232
UPP1	-0.6873578421335027	3.652165432630369e-11	5.008579674309289e-7	0.015	0.142
CD44	-0.6659274358699419	3.6787933944943103e-11	5.045097261209498e-7	0.288	0.502
MBD4	0.624562036359106	4.644862273946854e-11	6.369964122490715e-7	0.189	0.075
ANXA4	0.5543691550742836	4.8441001687580913e-11	6.643198971434846e-7	0.151	0.051
BIN2	-0.5837186267669081	4.878818972926287e-11	6.69081233947111e-7	0.198	0.401
CALM3	-0.6283122610088036	5.165715770407684e-11	7.084262607537098e-7	0.166	0.368
PRKCH	-0.668188097704136	5.2796990934897476e-11	7.24057933681184e-7	0.035	0.176
CITED2	-0.8281494195827304	6.412036541810871e-11	8.793466913439428e-7	0.108	0.276
LGALS1	-0.946252275271464	7.44940020549203e-11	1.021610744181177e-6	0.131	0.305
TRAF3IP3	-0.4000128389163806	7.53679405470464e-11	1.0335959366621945e-6	0.349	0.58
TMEM123	-0.35156705001862365	7.729161495197501e-11	1.0599772074513854e-6	0.294	0.522
LINC00861	-0.6207885031445133	8.857998451412501e-11	1.2147859076267104e-6	0.015	0.14
CD81	0.4160350671027941	9.004812730088209e-11	1.2349200178042969e-6	0.131	0.04
TOB1	-0.3293826705467241	1.1369444892615445e-10	1.5592056725732821e-6	0.032	0.169
ZCCHC7	0.6282815610568813	1.1891529379235934e-10	1.630804339068416e-6	0.154	0.056
RORA	-0.7690804481334798	1.2915661086594167e-10	1.771253761415524e-6	0.035	0.169
PTGER2	-0.7121246268274414	1.3369077615442145e-10	1.8334353041817358e-6	0.02	0.148
ZNF92	0.4427215235722065	1.4743415145878645e-10	2.0219119531057975e-6	0.125	0.039
NELL2	-0.6731245563728796	1.6158542930248615e-10	2.215982577454295e-6	0	0.109
CMTM3	-0.7164345610415467	1.658253763238714e-10	2.2741292109055725e-6	0.029	0.16
SAMD3	-0.7193395932854829	2.1341795341439404e-10	2.9268138131249997e-6	0.026	0.154
SORL1	-0.6197235398813308	2.334760598355733e-10	3.201890684585052e-6	0.029	0.161
NPM1	-0.35148892144550503	2.396245246686636e-10	3.2862107313060525e-6	0.82	0.91
FKBP11	-0.632270192336625	2.6741577406575977e-10	3.6673399255378294e-6	0.047	0.186
LTA4H	0.7135232402927666	2.7327702346780027e-10	3.747721099837413e-6	0.218	0.103
PRF1	-0.9777295797674664	3.0803098408512616e-10	4.22433691574342e-6	0.029	0.156
RP11-51J9.5	-0.6113970237051796	3.1490267059927423e-10	4.318575224598447e-6	0.026	0.155
BCAS4	0.6143234691241954	4.1924596143733247e-10	5.749539115151578e-6	0.142	0.051
DSTN	-0.6210279809157802	5.337091763611839e-10	7.319287644617275e-6	0.078	0.232
KIAA0040	0.5244792394839695	5.369157087672154e-10	7.363262030033592e-6	0.145	0.053
PPP2R5C	-0.7256882146604483	6.145234086094486e-10	8.427574025669978e-6	0.142	0.315
LINC00176	-0.5803925366197386	7.747852168963726e-10	1.0625404464516854e-5	0.003	0.107
PRMT2	-0.7461346132858875	8.086676147772902e-10	1.1090067669055757e-5	0.084	0.237
PARP1	0.42886119595985106	8.449737875294593e-10	1.1587970522179005e-5	0.221	0.106
GYPC	-0.6288981921799133	8.776015586079079e-10	1.203542777474885e-5	0.189	0.376
FAM3C	0.5368224240021671	8.864181239634596e-10	1.2156338152034885e-5	0.119	0.038
CLIC1	0.5393192322844618	9.675954017971105e-10	1.3269603340245573e-5	0.642	0.531
TMEM204	-0.5703884730657939	1.0690018831886001e-9	1.4660291826048463e-5	0.012	0.122
CKLF	-0.6687671180411203	1.2740273414017086e-9	1.747201095998303e-5	0.067	0.208
SKAP1	-0.6120990746811911	1.4716115543773146e-9	2.0181680856730494e-5	0.058	0.196
PBXIP1	-0.5512021173810637	1.5094962310390569e-9	2.0701231312469627e-5	0.078	0.23
EEF2	0.4789467077592868	1.6939910973188045e-9	2.3231393908630084e-5	0.866	0.85
TXN	-0.5816525817178406	1.8200484039554704e-9	2.496014381184532e-5	0.078	0.224
GCA	0.508796915444369	1.9354792321290265e-9	2.6543162189417468e-5	0.137	0.05
PPA1	-0.4145193911675247	1.964979133867087e-9	2.6947723841853235e-5	0.201	0.386
DAPP1	0.5091098080617957	2.1725135314970776e-9	2.9793850570950923e-5	0.116	0.038
TTC39C	-0.6463781498043272	2.1802161874850603e-9	2.9899484795170116e-5	0.061	0.198
CSTB	-0.631495684166799	2.2952592241693985e-9	3.1477185000259134e-5	0.142	0.305
CHPT1	0.6284426040448513	2.8881228082954815e-9	3.9607716192964237e-5	0.18	0.081
CRIP1	-0.53572969453314	3.006713154902125e-9	4.123406420632774e-5	0.195	0.376
TNFRSF25	-0.6481193472334049	3.106134060245064e-9	4.259752250220081e-5	0.003	0.1
HERPUD1	0.6242176090116389	3.8676667141167875e-9	5.304118131739762e-5	0.288	0.168
ITK	-0.5733419100508723	4.60970065910216e-9	6.321743483892702e-5	0.015	0.12
GATA3	-0.6225996507353068	5.138298816408428e-9	7.046662996822518e-5	0.017	0.124
RPL22L1	0.8896620116134214	5.260604863103869e-9	7.214393509260646e-5	0.323	0.195
SLC9A3R1	-0.6153005846555032	5.327323371934493e-9	7.305891272270963e-5	0.055	0.184
CISH	-0.6537412379903036	5.8149252140473636e-9	7.974588438544555e-5	0.015	0.12
GGA2	0.5054905341482823	5.8469679459200035e-9	8.018531841034692e-5	0.128	0.046
TIGIT	-0.8062210609004657	6.226353083628295e-9	8.538820618887843e-5	0.006	0.102
NEAT1	-0.5465207211476644	6.354291369181287e-9	8.714275183695218e-5	0.369	0.579
GLRX	-0.6119948152291583	6.845235206499208e-9	9.387555562193013e-5	0.142	0.3
CCND3	-0.5373525361437825	7.224176415516864e-9	9.907235536239827e-5	0.267	0.474
KIAA1033	0.49828136649107185	7.389440835668712e-9	1.0133879162036072e-4	0.128	0.047
APRT	-0.5657274715811622	7.403266099787895e-9	1.0152839129249119e-4	0.413	0.598
TXK	-0.562746226003176	8.808060184716546e-9	1.207937373732027e-4	0.009	0.107
TMA7	-0.3911164811641106	9.063327934922594e-9	1.2429447929952845e-4	0.497	0.722
RPS26	-0.2816845286477325	1.1839981719653366e-8	1.6237350930332626e-4	0.89	0.965
ATP6V0E2	-0.5878656953798944	1.245525086034624e-8	1.7081131029878833e-4	0.02	0.128
TC2N	-0.5471778303719519	1.2637371552281739e-8	1.7330891346799176e-4	0.038	0.155
UBE2J1	0.5678458238496837	1.3407456442304846e-8	1.8386985764976867e-4	0.163	0.07
DUSP22	0.370404673165855	1.5129084429723193e-8	2.0748026386922387e-4	0.122	0.044
RPS29	-0.2560352539986752	1.5315022870125132e-8	2.1003022364089605e-4	0.945	0.982
SP110	0.5799420693240547	1.5560513227797682e-8	2.133968784060174e-4	0.355	0.231
LSM10	0.6653144249791654	1.6705320565230246e-8	2.290967662315676e-4	0.267	0.15
SHMT2	0.47547729718032944	1.692561440381497e-8	2.3211787593391847e-4	0.102	0.032
BIRC3	0.6400518233138021	2.0059711602965925e-8	2.750988849230747e-4	0.262	0.15
PARP14	0.5247724929188814	2.190929749948858e-8	3.004641059079864e-4	0.116	0.041
GIMAP6	-0.5355805954006994	2.2980899857874e-8	3.1516006065088404e-4	0.023	0.128
CTSC	-0.6825129947960379	2.691408501114405e-8	3.690997618428295e-4	0.081	0.211
TECR	-0.5183586522189346	2.9391630064848333e-8	4.0307681470933004e-4	0.119	0.265
HIST1H2BK	0.6457849839634106	2.9409787305387983e-8	4.033258231060908e-4	0.128	0.049
MYO1F	-0.6447078923783234	3.0795735798825164e-8	4.223327207450883e-4	0.061	0.181
ATP5H	-0.7059181719463183	3.088410120142537e-8	4.2354456387634756e-4	0.195	0.36
SUSD3	-0.6217644419896882	3.152881317647976e-8	4.323861439022434e-4	0.076	0.205
PASK	-0.6191573078657262	3.185613949867506e-8	4.368750970848298e-4	0.012	0.107
DENND2D	-0.6056210685179916	3.982006351814557e-8	5.460923510878483e-4	0.078	0.214
TRABD2A	-0.6169292291942815	4.152889302210665e-8	5.695272389051706e-4	0.041	0.15
TRADD	-0.6534684755640997	4.454089934753808e-8	6.108338936521373e-4	0.087	0.222
NDUFA4	-0.5565682131234764	4.6030340505862686e-8	6.312600896974009e-4	0.384	0.555
SEPT9	-0.4782522945249572	5.197561412649709e-8	7.127935721307811e-4	0.201	0.367
CAPN2	-0.5830933181499119	5.380713346542103e-8	7.37911028344784e-4	0.102	0.243
GBP2	-0.6558721405558954	6.065121066085185e-8	8.317707030029223e-4	0.07	0.192
CD5	-0.5070448097687722	6.430723576544504e-8	8.819094312873133e-4	0.02	0.118
DGCR6L	-0.47365329816054796	6.776584749175165e-8	9.293408325018821e-4	0.067	0.195
EMP3	-0.35216935762057267	6.961384261540686e-8	9.546842376276897e-4	0.529	0.712
FGR	0.4889596493547275	6.99706198413755e-8	9.595770805046237e-4	0.137	0.056
LDHA	-0.504456593533027	7.495450003898671e-8	0.0010279260135346638	0.317	0.497
SEC62	0.6590519943893833	7.831928186335804e-8	0.001074070631474092	0.337	0.226
CD82	0.5230175997288502	8.622424820088982e-8	0.0011824793398270029	0.16	0.073
PKM	-0.5432555142656332	9.632720084600344e-8	0.0013210312324020911	0.238	0.405
UCP2	0.6644131485912754	9.692460984380794e-8	0.001329224099397982	0.593	0.527
MYL6	-0.3792627355241929	1.0873851691475087e-7	0.0014912400209688935	0.701	0.828
ALDOA	-0.41431580253722533	1.115658611786987e-7	0.001530014220204674	0.494	0.678
CD97	-0.5776237070262671	1.1871780196695379e-7	0.0016280959361748043	0.064	0.179
CDC40	0.25667408090914356	1.461081847259637e-7	0.0020037276453318664	0.157	0.07
SPN	-0.5176254768552215	1.69701170749352e-7	0.0023272818556566133	0.026	0.122
ODC1	0.4156168557499722	1.8852244206425104e-7	0.002585396770469139	0.18	0.089
ARL4A	0.918210427567792	1.8887274533452936e-7	0.0025902008295177357	0.221	0.123
DHRS7	-0.5543035775272833	1.9993937552239758e-7	0.0027419685959141605	0.174	0.323
NMRK1	-0.4372280032987186	2.3257477578307257e-7	0.0031895304750890574	0.035	0.135
NAP1L4	-0.5484291968656246	2.3859075887272665e-7	0.003272033667180573	0.061	0.172
ZFP36L1	0.49638236002211933	2.4508515111796783e-7	0.003361097762431811	0.326	0.222
XBP1	-0.49344949580239783	2.49042137913815e-7	0.003415363879350059	0.169	0.315
C19orf60	-0.29953991671589386	2.86263563502582e-7	0.003925818509874409	0.163	0.32
ABRACL	-0.4473487365354001	2.9620673968955587e-7	0.004062179228102569	0.16	0.305
SELPLG	-0.46536199672999257	3.037806118571654e-7	0.004166047311009166	0.058	0.17
CCDC167	-0.5001219735805498	3.086931524409946e-7	0.0042334178925758	0.035	0.133
GLIPR2	-0.5527515288837404	3.109351826024181e-7	0.0042641650942095615	0.052	0.157
WDR1	-0.5120608097620061	3.2765685390408017e-7	0.004493486094440556	0.116	0.252
CDC25B	-0.5330127661230691	3.306870503442915e-7	0.004535042208421614	0.035	0.132
OCIAD2	-0.4537921742169424	3.4335549465821145e-7	0.004708777253742712	0.18	0.334
HMOX2	-0.4670797073512988	3.4859666786236336e-7	0.004780654703064451	0.102	0.228
RNASEH2B	0.5514628875296909	3.5360016041441313e-7	0.004849272599923262	0.265	0.16
APPL1	0.5210257613459968	3.5491947158734105e-7	0.0048673656333487955	0.108	0.041
YBX1	0.45542918885128225	3.650407028761475e-7	0.005006168199243486	0.834	0.789
LIMS1	-0.5381346543522356	3.7251401478282604e-7	0.005108657198731676	0.058	0.168
CHI3L2	0.39235542732542417	3.8084968175021833e-7	0.005222972535522495	0.102	0.037
CD96	-0.5292854894330665	4.6873627076823027e-7	0.00642824921731551	0.055	0.162
TNFAIP3	-0.5618219527283607	4.763882846376897e-7	0.0065331889355212764	0.084	0.202
AIF1	-0.6213614347096179	4.907699230594561e-7	0.00673041872483738	0.081	0.2
ANXA2R	-0.43863855759354464	5.17338412362966e-7	0.007094778987145716	0.11	0.245
GRAP2	-0.44878065360780817	5.502208775813532e-7	0.007545729115150677	0.049	0.155
CLPP	-0.5091944357168401	5.670055679845445e-7	0.007775914359340044	0.049	0.15
COQ7	0.5164019226211141	5.690224947625967e-7	0.007803574493174251	0.18	0.092
ETHE1	-0.5751795860628797	5.888001939969335e-7	0.008074805860473946	0.035	0.129
C11orf31	0.5137770556000629	5.947739322625627e-7	0.008156729707048786	0.474	0.369
ATP6V1G1	0.3824376792955091	5.954917214613561e-7	0.008166573468121037	0.654	0.598
ARL6IP5	-0.6834813597629783	6.327096523321742e-7	0.008676980172083437	0.331	0.495
TESPA1	-0.47525731455327136	6.412746413577252e-7	0.008794440431579844	0.023	0.11
IFI6	-0.6761646112992257	6.555974112191124e-7	0.008990862897458908	0.163	0.298
DGKZ	-0.45938106953978314	7.317363815881181e-7	0.010035032737099452	0.026	0.115
SH3BGRL	0.4146227973322909	8.383518783406481e-7	0.011497157659563648	0.459	0.358
ADD1	0.42269878902798597	9.877222520519709e-7	0.013545622964640729	0.145	0.068
RWDD1	-0.49371544426361147	1.0046203109474435e-6	0.01377736294433324	0.151	0.293
H2AFV	-0.4640072019981131	1.005641213107686e-6	0.013791363596558805	0.128	0.256
BATF	-0.4406758297489374	1.0470942315625722e-6	0.014359850291649115	0.02	0.104
CCR7	-0.4744775564094197	1.0690295799498828e-6	0.014660671659432693	0.157	0.3
GBP1	-0.5616373871599217	1.1513396849815306e-6	0.01578947243983671	0.032	0.122
ARRB2	-0.4324337413017607	1.230778879767886e-6	0.01687890155713679	0.073	0.181
ENO1	-0.5051581051627467	1.2843572210934456e-6	0.017613674930075512	0.395	0.547
LCP2	-0.44730193829303533	1.354985520297179e-6	0.018582271425355512	0.047	0.143
SH3YL1	-0.4600284295291249	1.3612611439846122e-6	0.01866833532860497	0.049	0.149
ARHGEF1	-0.42750506873171956	1.4077628690511123e-6	0.019306059986166954	0.142	0.276
TUBA4A	-0.511471656811467	1.44008510158783e-6	0.0197493270831755	0.169	0.306
RAP1B	-0.476712823831152	1.6490612929245657e-6	0.022615226571167494	0.221	0.368
PAPOLA	0.6471073584412554	1.6840406688738121e-6	0.02309493373293546	0.294	0.201
FHIT	-0.5384828383963065	1.7122012895016392e-6	0.02348112848422548	0.038	0.127
PTPRCAP	0.3642096090452953	1.9135011669495055e-6	0.026241755003545517	0.843	0.809
MCL1	-0.5295719197206319	1.9356145402511965e-6	0.026545017805004907	0.241	0.387
CHD9	0.4243773764621178	1.997910763710718e-6	0.027399348213528785	0.108	0.044
FXYD5	-0.40199641009722065	2.2735804402850176e-6	0.03117988215806873	0.61	0.778
SATB1	-0.4760573606393246	2.402489271919942e-6	0.032947737875110086	0.035	0.122
SIVA1	-0.3904093066610117	2.4240316665692873e-6	0.033243170275331205	0.11	0.233
ATP5E	-0.37952226366080444	2.6442517077372224e-6	0.03626326791990827	0.593	0.745
SLFN5	-0.43580957419753574	2.7804948417534855e-6	0.0381317062598073	0.029	0.113
ATP1A1	-0.44319185050542276	2.9144992016574807e-6	0.03996944205153069	0.099	0.213
TPST2	-0.5013689774563734	3.169637048797135e-6	0.043468402487203905	0.047	0.14
P2RY10	0.4132694126839897	3.6357107698473245e-6	0.04986013749768621	0.113	0.049
C9orf78	-0.38107114606239767	3.7127648242160325e-6	0.05091685679929867	0.195	0.338
MFNG	-0.42737581705655425	3.830550970634731e-6	0.0525321760112847	0.09	0.199
SAT1	0.3707070601429594	3.939145351269457e-6	0.05402143934730934	0.538	0.442
SP100	0.49507138315848764	4.0495381240754196e-6	0.055535365833570306	0.358	0.259
GOLGA7	-0.48832142538316475	4.214842679807397e-6	0.057802352510878646	0.073	0.177
CCDC104	-0.43233229309103205	4.230567248738991e-6	0.058017999249206524	0.032	0.116
TMEM243	0.5311578515955624	4.314972480698411e-6	0.05917553260029801	0.305	0.211
CD63	-0.5694968664470276	4.437924029295665e-6	0.06086169013776074	0.137	0.254
EZR	0.5874990843564586	4.4765928082481694e-6	0.0613919937723154	0.273	0.18
CUTA	-0.4022240598019544	4.891412877739956e-6	0.06708083620532575	0.32	0.485
RNF166	-0.5031250646082698	5.248900444332713e-6	0.07198342069357883	0.067	0.164
SUN2	-0.46425039371517973	5.349597613803588e-6	0.0733643816757024	0.16	0.285
PPIB	-0.41618637366478484	5.547244607771332e-6	0.07607491255097604	0.328	0.477
ANXA2	-0.5142427237739751	5.994276164084878e-6	0.08220550331426	0.198	0.328
ETS1	-0.5015354811086585	6.253222269589073e-6	0.08575669020514455	0.055	0.147
PLIN2	-0.42776120595377987	6.360023086724274e-6	0.0872213566113367	0.035	0.118
ZNF428	-0.4734919114678441	6.494588018875162e-6	0.08906678009085398	0.081	0.187
CAMK4	-0.4290716883259104	6.7063676840538e-6	0.09197112641911381	0.049	0.138
CDC42SE2	-0.4004858538057249	6.994756359113561e-6	0.09592608870888338	0.154	0.285
LITAF	-0.4797503393685767	7.4623221999039284e-6	0.10233828664948247	0.212	0.359
ARHGAP15	-0.4524100793201715	7.564441062289202e-6	0.1037387447282341	0.224	0.363
VAMP8	-0.614757752754735	7.997227261137287e-6	0.10967397465923676	0.311	0.462
RASA3	-0.42140192206785576	8.220961021598144e-6	0.11274225945019695	0.032	0.111
CEPT1	0.5467227166060681	8.617775001959569e-6	0.11818416637687353	0.11	0.049
USP10	-0.42990377199954916	8.862703810885393e-6	0.12154312006248229	0.035	0.116
SP140	0.4496142307272015	9.122840550465756e-6	0.1251106353090874	0.134	0.065
SCML4	-0.3637771335227158	1.0301355005917292e-5	0.14127278255114975	0.032	0.111
NDUFA12	-0.26220100283803616	1.2230734006119092e-5	0.16773228615991723	0.122	0.237
TSPAN14	-0.34605525358094247	1.238597780215024e-5	0.1698612995786884	0.029	0.106
NDUFB8.1	-0.30588589123740473	1.25519107344067e-5	0.17213690381165347	0.265	0.412
IER2	-0.4112932531711868	1.3023129738306716e-5	0.1785992012311383	0.468	0.64
CTSD	-0.46157447819931946	1.3235839017197276e-5	0.18151629628184343	0.052	0.139
SELM	-0.42794768490210194	1.3609077329913494e-5	0.18663488650243365	0.067	0.158
UBAC2	-0.48852939250642347	1.3799417630182574e-5	0.18924521338032382	0.067	0.161
COX7C	-0.27482114596564733	1.642004888224538e-5	0.22518455037111315	0.573	0.741
CD48	-0.31715445821216015	1.7715833657689822e-5	0.24295494278155821	0.564	0.715
SIT1	-0.41111707663887553	1.8470643513475144e-5	0.2533064051437981	0.119	0.223
PNISR	0.49718189982733185	1.8470937473927346e-5	0.2533104365174396	0.477	0.408
LYST	0.47521266366836423	1.920158201035995e-5	0.2633304956900764	0.11	0.051
DEF6	-0.49547076100201715	2.053573896245238e-5	0.28162712413107194	0.081	0.177
EIF3K	-0.31562512285737565	2.072762530989199e-5	0.28425865349985874	0.578	0.748
TRAF5	0.38980555005748463	2.1179234655012813e-5	0.29045202405884574	0.11	0.051
PTGER4	-0.4482264944320072	2.1316175468308033e-5	0.29233003037237637	0.041	0.118
CDC42EP3	-0.5732398370440548	2.2670178418642594e-5	0.31089882683326453	0.044	0.123
NUCB1	-0.3782441079884379	2.7239439639020584e-5	0.37356167520952827	0.081	0.178
RBMS1	-0.37647916929818326	3.037145258315865e-5	0.41651410072543776	0.058	0.144
EVI2B	0.4551072506734286	3.112460541017536e-5	0.42684283859514494	0.366	0.285
VPS29	-0.4212218308431668	3.349756155641495e-5	0.4593855591846746	0.093	0.194
ACAP1	-0.4904076263476018	3.5001991063733696e-5	0.48001730544804394	0.273	0.417
PDCL3	-0.3487128334853148	3.616360034792133e-5	0.49594761517139313	0.049	0.129
UBL5	-0.36959917355543315	3.639718437345266e-5	0.49915098649752976	0.285	0.423
TMEM50A	-0.5897019292180699	3.914879085686332e-5	0.5368865178110236	0.154	0.268
DAD1	-0.35961373392414275	4.0187565648586937e-5	0.5511322753047212	0.259	0.402
NEDD8	-0.28865544318532543	4.2334311624892494e-5	0.5805727496237757	0.334	0.488
SRP9	-0.46437324917876244	4.406873496044533e-5	0.6043586312475473	0.238	0.372
IK	-0.31744166798638984	4.437949075726768e-5	0.608620336245169	0.151	0.264
RNF167	-0.3278079881738122	4.625406354472643e-5	0.6343282274523783	0.099	0.202
OST4	-0.39391367650047204	4.780408962984801e-5	0.6555852851837356	0.445	0.611
EIF1B	0.7093053653418443	4.811940762561097e-5	0.6599095561776288	0.247	0.166
RCAN3	-0.3905801129266606	4.914785293990395e-5	0.6740136552178427	0.067	0.153
KHDRBS1	-0.4030571083380703	4.9375528241132206e-5	0.677135994298887	0.148	0.264
MVP	-0.3734108905727792	5.002234611202125e-5	0.6860064545802594	0.052	0.132
MGST3	-0.35751904791635836	5.0277024720818925e-5	0.6894991170213107	0.116	0.223
RNASET2	0.48202519728350124	5.038948711170378e-5	0.6910414262499056	0.509	0.453
RNF7	-0.40506385443202786	5.066558384105352e-5	0.694827816796208	0.113	0.217
CCSER2	-0.3377907666226657	5.128728718385533e-5	0.703353856439392	0.035	0.107
RASSF5	-0.3914431660200569	5.1690352402996854e-5	0.7088814928546988	0.108	0.203
MZT2A	-0.4366583522973553	5.782092953648919e-5	0.7929562276634127	0.206	0.335
SNAP23	0.3791861787150035	5.819730127328701e-5	0.7981177896618581	0.183	0.109
EIF4A1	-0.31768815295443487	5.82182520379264e-5	0.7984051084481226	0.485	0.65
STX5	0.46950697892326276	6.009790321868183e-5	0.8241826447410027	0.163	0.095
RASGRP2	0.9465267067151291	6.211213885766195e-5	0.851805872293976	0.308	0.23
SLC3A2	-0.2868919225491775	6.250766983317018e-5	0.8572301840920958	0.09	0.187
ERP29	0.3847362753972119	6.297818704539455e-5	0.8636828571405408	0.599	0.564
GDI2	0.49245234515550806	6.407692165828756e-5	0.8787509036217556	0.337	0.257
EVI2A	-0.4088259704679213	6.630856762866826e-5	0.9093556964595565	0.061	0.142
ABHD14A	-0.3499205073789931	6.723904333793191e-5	0.9221162403363983	0.047	0.121
UQCRQ	-0.29989278210213755	6.75691176149569e-5	0.9266428789715189	0.163	0.276
CD55	0.40329857609057373	6.895691816645259e-5	0.9456751757347308	0.233	0.157
GCHFR	-0.36361932671254804	6.967333691996133e-5	0.9555001425203496	0.038	0.108
HPCAL1	-0.30233473252296383	6.995676883991501e-5	0.9593871278705944	0.067	0.15
DNAJB6	-0.35281259716931246	7.887124886784808e-5	1	0.09	0.182
STAT3	-0.2718011107072802	8.47146859217212e-5	1	0.105	0.202
SKP1	-0.3168526156484561	8.501768221197627e-5	1	0.366	0.516
KRTCAP2	-0.32765071585298866	8.757636843942562e-5	1	0.201	0.323
PAG1	-0.34529991212326333	8.959832610348175e-5	1	0.038	0.107
RPS27L	-0.375400480613458	9.081295482336631e-5	1	0.137	0.246
MTSS1	0.31901305105501154	9.215319176616603e-5	1	0.105	0.05
SDHAF2	-0.3903266881084099	9.229799869712615e-5	1	0.061	0.142
HSPB1	-0.2652146309188351	9.293324215242795e-5	1	0.067	0.151
NDUFB9	-0.3456650749614707	1.0093436712012123e-4	1	0.305	0.449
C19orf53	-0.33902553502002886	1.0340009059477409e-4	1	0.276	0.407
RHOG	-0.379809617081339	1.0401003301995826e-4	1	0.18	0.296
MTPN	0.49877262039316295	1.0498078110135572e-4	1	0.163	0.096
CTSA	-0.3654071950133966	1.0562024842337732e-4	1	0.058	0.132
TMEM258	-0.30171554487593033	1.0634573177806032e-4	1	0.203	0.328
ITGAE	0.38968813800131386	1.0642265239502988e-4	1	0.157	0.09
APOL3	-0.35709123770964607	1.0838982276996625e-4	1	0.047	0.12
SDF2L1	-0.30675243530167756	1.0869088520952504e-4	1	0.055	0.131
LSM7	0.4414627873834478	1.1108086776021639e-4	1	0.334	0.25
UQCR11.1	-0.25511395978444074	1.1433353780685568e-4	1	0.398	0.543
HSPD1	-0.39453625050380703	1.1494553558992067e-4	1	0.108	0.201
STT3B	-0.25198309520908657	1.1525977645359545e-4	1	0.081	0.17
HSPA5	-0.37311383985809354	1.2109363797848757e-4	1	0.134	0.233
SMAP2	0.8530254124246958	1.273638173843418e-4	1	0.186	0.115
CASP1	-0.33055022481140994	1.2832947780908158e-4	1	0.102	0.195
NAE1	-0.3084515544745172	1.3324221440240812e-4	1	0.049	0.123
TERF2IP	-0.37711941728424203	1.339589863238725e-4	1	0.157	0.267
MBP	-0.35047006734504615	1.3796377775067054e-4	1	0.038	0.105
NDUFC2	-0.3550159013902313	1.4217735043926442e-4	1	0.14	0.246
CISD3	-0.3972842841549984	1.4487000808631307e-4	1	0.038	0.104
ORAI1	-0.44146833126968427	1.474970755260819e-4	1	0.041	0.108
RHOF	-0.3693440760242557	1.4835666699348541e-4	1	0.105	0.194
TSPO	-0.3399716637406076	1.5663152018026414e-4	1	0.256	0.372
FAM102A	-0.35485978437429333	1.570987421073747e-4	1	0.044	0.111
H2AFZ	-0.4207900572010428	1.6075245776523239e-4	1	0.265	0.393
SSR4	-0.2834733438567112	1.6144044906435346e-4	1	0.448	0.574
MZT2B	-0.3855457750946989	1.6414372404797417e-4	1	0.305	0.436
SETD5-AS1	0.4201852417044654	1.6902204820613614e-4	1	0.14	0.078
GSTO1	-0.39561909102684556	1.7617595431869987e-4	1	0.119	0.214
UQCRH	0.602197126232372	1.8235120174503602e-4	1	0.491	0.431
IL2RG	-0.26409109731647895	1.8437831902933866e-4	1	0.392	0.551
TCEB2	-0.27964808785346307	1.849987037729056e-4	1	0.288	0.432
DCK	0.5207449659346383	1.9597279953751593e-4	1	0.267	0.201
FLNA	-0.4213431781108907	2.021687686886515e-4	1	0.078	0.16
M6PR	-0.3140613285685734	2.1066244014646894e-4	1	0.116	0.213
RNF149	-0.30553576249341374	2.1129588891166383e-4	1	0.049	0.12
DNAJA2	-0.3039527672633381	2.1638499515908808e-4	1	0.049	0.122
ICAM2	-0.31303170916114353	2.1862303333641635e-4	1	0.151	0.252
BTG2	-0.3330260618482561	2.1917721805403686e-4	1	0.302	0.425
CHCHD10	0.4726513182182245	2.2570541021758493e-4	1	0.253	0.178
GLO1	0.43295690445941715	2.2599337583627935e-4	1	0.198	0.13
PSMG2	-0.3900173289091814	2.3092342796484893e-4	1	0.108	0.194
RAP1A	-0.35471302672700844	2.3656559401556614e-4	1	0.203	0.319
IRF3	-0.2831387968552095	2.445440115068257e-4	1	0.055	0.128
TUBB4B	-0.33500698538209606	2.4592555057206843e-4	1	0.064	0.138
HMGN1	0.273518511326857	2.535488427262648e-4	1	0.622	0.578
ODF2L	-0.3313716907250408	2.7024663139178264e-4	1	0.084	0.163
NDUFB2	-0.3013120778268361	2.7552849720821105e-4	1	0.206	0.321
NPC2	0.49706673657022216	3.029497119339622e-4	1	0.314	0.244
DYNLT1	-0.4557540592198043	3.0699664193809814e-4	1	0.058	0.13
IFITM2	-0.35902499665365006	3.073904577650908e-4	1	0.581	0.696
PDCD5	-0.3255386863962214	3.093008417557795e-4	1	0.125	0.213
SPCS1	-0.2628582333101326	3.1697321525749164e-4	1	0.288	0.429
TMEM59	-0.319346900842874	3.1791021758231596e-4	1	0.27	0.406
CD53	0.45026584553311233	3.2032237472982784e-4	1	0.608	0.573
HOPX	-0.5677497095018581	3.281775867935412e-4	1	0.096	0.174
C19orf10	-0.32011721151596895	3.348368874098638e-4	1	0.108	0.194
ANAPC15	-0.31688417267361607	3.4595230602561035e-4	1	0.049	0.116
MARCKSL1	0.8410186512429296	3.495404922236238e-4	1	0.206	0.142
FAM96A	0.2726916357761765	3.5481204254275163e-4	1	0.145	0.086
SUCLG2	-0.3026463405472677	3.7318745921729936e-4	1	0.078	0.157
APMAP	-0.4296228542947516	3.7885083979536847e-4	1	0.047	0.111
PSTPIP1	-0.30310836235569266	3.792331750902724e-4	1	0.044	0.107
GNLY	-1.7382235801987918	3.8314609027524204e-4	1	0.078	0.15
PRMT10	-0.29399208190337073	3.832960550532166e-4	1	0.047	0.113
POLR2L	-0.29598763327246225	3.8639919911231816e-4	1	0.206	0.311
LCP1	-0.33966081951097693	3.924620446279995e-4	1	0.247	0.365
TRABD	-0.2674541429806806	4.030356452919372e-4	1	0.064	0.136
NDUFS8	-0.3766960772000848	4.108764937750305e-4	1	0.14	0.226
RBL2	-0.3151191059674514	4.222381628097412e-4	1	0.084	0.161
LGALS3	-0.3904460802486636	4.343878140810043e-4	1	0.041	0.102
THAP7	-0.3413370173158446	4.395673089528946e-4	1	0.041	0.101
DEK	-0.25453786266705203	4.5661233892388495e-4	1	0.137	0.23
FKBP8	-0.3463953194946543	4.642801010843272e-4	1	0.198	0.3
UXS1	-0.34870791253799904	4.733104987540101e-4	1	0.044	0.107
HMGB2	-0.3613509984304055	4.768800302354588e-4	1	0.198	0.306
LINC00116	-0.3014490350852318	4.88189371973893e-4	1	0.044	0.104
SURF1	-0.5409584811714306	4.905290982852781e-4	1	0.099	0.179
ACADM	0.338988201132877	4.929217138222457e-4	1	0.128	0.074
MPC1	-0.3444918367186147	4.932628584008639e-4	1	0.07	0.139
VAMP5	-0.43284863882798164	5.035298708708449e-4	1	0.102	0.182
DOCK8	0.3898198515134713	5.077411952095441e-4	1	0.166	0.107
BRK1	0.2745594429460856	5.153323631524955e-4	1	0.515	0.469
YWHAQ	-0.3556076630265004	5.220162311563393e-4	1	0.221	0.328
CSK	0.39747783244200174	5.299193868813733e-4	1	0.241	0.17
TBCC	-0.3526317673123637	5.307446074051949e-4	1	0.11	0.194
EID1	-0.28265419241615075	5.342009873828687e-4	1	0.305	0.425
RNF5	-0.3200304512931954	5.483956333718899e-4	1	0.076	0.147
PSIP1	-0.2965999308925211	5.536360497116498e-4	1	0.148	0.244
DDIT4	-0.35281001930318956	5.546986337620927e-4	1	0.157	0.258
DBI	0.614023079131607	5.691064389254397e-4	1	0.355	0.295
SNRPD2	-0.2538666636306508	5.774404026747284e-4	1	0.509	0.645
SNX6	-0.285940495734629	5.911466420547202e-4	1	0.084	0.163
STX8	-0.29698526425304084	6.27721083316853e-4	1	0.064	0.131
TRAPPC6A	-0.2779464641667023	6.285854881970688e-4	1	0.128	0.218
BEX2	-0.2882713634698326	6.439113859637545e-4	1	0.084	0.163
ANXA11	-0.3306376059961962	6.475566398727845e-4	1	0.186	0.289
CAPZB	-0.4184985208959353	6.544738558106617e-4	1	0.422	0.544
ATP5L	-0.27514388680025936	6.601805670509509e-4	1	0.584	0.695
ANKRD13A	0.3229395196886947	6.60890135916706e-4	1	0.105	0.056
VIMP	-0.3560478528327053	6.689313618561913e-4	1	0.061	0.128
IFI44L	0.31674553267634686	7.330130301600195e-4	1	0.299	0.227
ZNF581	0.3760840787902041	7.384746569969354e-4	1	0.128	0.075
C9orf142	-0.5132612075551074	7.654908739797757e-4	1	0.157	0.244
RBM23	0.4296655033447666	7.704944068833623e-4	1	0.218	0.155
OAS1	0.3042691446964044	8.049046033710276e-4	1	0.174	0.114
HSH2D	0.3389614694403774	8.086960390661881e-4	1	0.102	0.054
ARHGAP30	-0.3018280307440916	8.396839893153109e-4	1	0.09	0.165
BABAM1	-0.4147682261977415	8.527634067437197e-4	1	0.058	0.121
MORF4L1	-0.2702749039469401	8.574519883841704e-4	1	0.32	0.438
EIF3G	-0.26489080693487743	8.71498083127303e-4	1	0.433	0.58
PARVG	0.33417721128770517	8.970904092043658e-4	1	0.151	0.094
ARPC4	-0.33392033765465645	8.987637938910781e-4	1	0.192	0.295
MX1	0.46767607696699964	9.112456073839243e-4	1	0.247	0.176
MRPS18A	0.47443674690653115	9.555563067609232e-4	1	0.102	0.055
P4HB	-0.2696766956634197	9.650619003685764e-4	1	0.134	0.222
C19orf66	-0.3101899201538898	0.0010193379845191764	1	0.116	0.194
SIAH2	0.43022419413683444	0.00101972401550577	1	0.169	0.112
RNF181	-0.3792007267476146	0.0010211149213417686	1	0.099	0.172
MOB1A	0.44317281198640546	0.00102406771278308	1	0.206	0.147
OSTC	-0.3268288461806732	0.001034880664795371	1	0.119	0.206
CYB5R4	0.3307699189262794	0.00112801184673863	1	0.128	0.076
ABHD14B	-0.25392684370632257	0.001143052749431614	1	0.122	0.208
SSBP1	-0.3555251271178117	0.001151661086170611	1	0.177	0.275
TSC22D4	-0.3122049994539735	0.001196165945074662	1	0.116	0.194
LY9	-0.2609352615107427	0.0012526021686520778	1	0.07	0.134
FOXN3	-0.27187296165021185	0.0012878389990882923	1	0.055	0.115
ANXA5	-0.2505057243166591	0.001366200892874147	1	0.142	0.235
ARL6IP4	-0.3691588401824646	0.0014236785976548755	1	0.363	0.464
ZNHIT1	-0.30944860544564645	0.0014484824990767186	1	0.145	0.228
SAMD9L	0.7525731203314632	0.0014769958506071989	1	0.122	0.072
FAM65B	0.4282237169424412	0.0014798464440304916	1	0.358	0.309
CEBPB	-0.29078997218706937	0.0014998938922801003	1	0.125	0.202
ELOVL5	0.38524555776885705	0.001512849181429227	1	0.227	0.164
ITGB7	-0.4409872316289877	0.0015224535713887575	1	0.099	0.168
ORMDL3	-0.2588369073985324	0.0015771559106523125	1	0.073	0.139
PPM1K	0.3914471846094302	0.001660131293690114	1	0.201	0.142
COMMD7	-0.30015458490132396	0.0016641319391877594	1	0.093	0.163
CYB5A	0.42451042743291745	0.0017128897825433498	1	0.16	0.106
TAF12	-0.3931086578287315	0.0017335351396645592	1	0.078	0.144
CCNI	0.27768169371888307	0.001765743150878766	1	0.669	0.653
HAX1	-0.29960025937209245	0.0017660705581219705	1	0.145	0.231
TPR	-0.2535130955627568	0.0017951599589182778	1	0.113	0.191
GPX1	0.46462135284637074	0.0018849167805281984	1	0.32	0.267
SRSF3	-0.32183165891170273	0.001886954050463818	1	0.369	0.485
PRNP	-0.27518269588371647	0.0019162660308334697	1	0.064	0.124
H2AFJ	-0.25063464178055705	0.0019485519376750897	1	0.064	0.124
TGFB1	-0.3387986376829736	0.002040452184640717	1	0.087	0.15
ZFAND5	-0.2508987507376428	0.0020731841943180973	1	0.076	0.138
COPS6	-0.3114756558926606	0.002075887443868271	1	0.131	0.203
SELL	0.6622891551942756	0.0020886915875203455	1	0.573	0.51
ZC3H15	0.40455906685697895	0.0021204835245154864	1	0.119	0.196
SQSTM1	-0.3327101483068319	0.0021977655152773286	1	0.113	0.188
CFLAR	-0.2528402169065118	0.0023142527295383973	1	0.116	0.191
GSDMD	-0.26890820740993227	0.002373239617585675	1	0.105	0.173
NFKBIZ	-0.25669804539792346	0.0024037293654875437	1	0.055	0.111
ARID5A	-0.28357266068695985	0.0024409231444601927	1	0.061	0.119
GRB2	0.730901104104146	0.0026172836376290804	1	0.18	0.125
UQCR10	-0.26907606703348375	0.002621257351932865	1	0.224	0.308
FLOT1	-0.31563115020210547	0.0027215943116201476	1	0.052	0.107
GPI	-0.2721064126370676	0.002817418131818508	1	0.061	0.117
PTPN4	-0.29653110672060334	0.00295615570605203	1	0.049	0.101
SDF4	-0.2510060388880396	0.0029997735377047217	1	0.067	0.125
FUS	-0.5522766773291634	0.0030459865492395307	1	0.224	0.317
IL27RA	-0.31252004110450526	0.003069835385224619	1	0.073	0.133
FDFT1	0.3250799079532406	0.0031195220801882814	1	0.154	0.103
TMEM219	-0.2728416687460765	0.0031620575995614567	1	0.148	0.233
ATP6AP2	-0.27322921779388865	0.003202609606810337	1	0.151	0.23
NME3	-0.34520670029880873	0.003209625287925398	1	0.09	0.153
AKIRIN2	0.2978595188046401	0.0032631191276668563	1	0.128	0.081
AHNAK	-0.37376062231088036	0.0033693861369104004	1	0.163	0.24
NUDT21	-0.2552258842621705	0.00338963268492812	1	0.061	0.116
ATP6V0B	0.39071539302867775	0.0035553722956089668	1	0.259	0.204
BBX	0.656486717994837	0.003580984326287218	1	0.195	0.142
SEPT1	-0.333311375648778	0.0036590925623329424	1	0.215	0.304
TSNAX	-0.2937939039250167	0.0036856249034154147	1	0.058	0.11
RNF139	-0.4293131198421827	0.0037986732681500016	1	0.087	0.15
NDUFB1	-0.260757385830654	0.0038600949058474427	1	0.084	0.146
USE1	0.3774826777680006	0.00403461104969728	1	0.145	0.098
CYC1	0.3400658030091174	0.004183933719286287	1	0.192	0.138
REXO2	-0.38094272053593925	0.004228185403989649	1	0.073	0.131
ANAPC16	0.45685830679001604	0.004427130703236283	1	0.535	0.518
PDIA3	-0.40126875776142445	0.004434733251822458	1	0.25	0.337
METTL21A	0.6595982282340498	0.004624433651516365	1	0.105	0.064
LSM2	0.36844000638594654	0.0047510865224111385	1	0.25	0.195
TRAM1	-0.29251119566517925	0.004828112516550611	1	0.145	0.22
TXNIP	0.27926900349120887	0.004878815566755851	1	0.77	0.789
CAT	0.3849914370157983	0.004998322434536698	1	0.148	0.103
COPS5	-0.26016277938303445	0.00509833248239695	1	0.105	0.167
FRG1B	0.333554133552168	0.005130902401696248	1	0.145	0.098
CHST12	-0.29672577269733647	0.0052581121090502	1	0.076	0.13
GRN	0.297085377819449	0.005281935493496501	1	0.113	0.071
XAF1	0.2969352795404476	0.005347451465442364	1	0.215	0.162
PIN1	-0.2576898845582345	0.005485460210053654	1	0.131	0.198
AIMP1	-0.26048475532425713	0.005536582752248192	1	0.07	0.122
POLR2I	-0.3257467894875683	0.005620668745132205	1	0.096	0.157
BLCAP	0.29782957720367476	0.0058408927454961564	1	0.11	0.069
TPI1	-0.28881092108495476	0.005922738713525098	1	0.328	0.423
LINC00493	-0.2808379060227021	0.005938935543533363	1	0.122	0.19
RGS14	-0.32674757625463846	0.005975600032947712	1	0.073	0.124
EIF1AY	0.48930003545068146	0.0060472198905845796	1	0.192	0.147
C14orf1	-0.3018838134202441	0.006242900880024023	1	0.067	0.122
EIF4G2	0.3134198544951208	0.006572147990768422	1	0.358	0.315
ALKBH7	-0.28918818926254053	0.006575927702392637	1	0.154	0.226
NDUFS6	-0.26796002667583396	0.006576769951028761	1	0.119	0.185
NDUFA5	-0.30142113362274414	0.006700163488345031	1	0.128	0.193
PLP2	-0.2615379219214411	0.006721159655551092	1	0.267	0.356
SLC2A3	-0.31676030690776025	0.006819848762377617	1	0.23	0.309
NUDT16L1	-0.3912716154909552	0.006962513465638278	1	0.073	0.127
RSRC2	-0.27673161151979153	0.007004348723567262	1	0.099	0.157
CAPZA1	0.31494175488134823	0.007131830270953798	1	0.203	0.152
TAF7	0.4322874281922984	0.007175812730989046	1	0.291	0.244
DNAJC4	0.4566375098815347	0.007325193899240533	1	0.128	0.087
HSP90B1	-0.25036062524225744	0.007520544424748743	1	0.174	0.25
PTDSS1	0.32564929648357244	0.007895348283658543	1	0.113	0.073
KIF5B	0.2548672267005916	0.008125848176501534	1	0.113	0.179
USF2	0.2778068745348595	0.008294179622307963	1	0.122	0.081
ERP44	0.31621332643525035	0.008330166766289155	1	0.183	0.135
PNN	0.2863123651075904	0.00834975309665092	1	0.186	0.137
NDUFB4	-0.25373250861583796	0.008511655641976786	1	0.192	0.265
SERPINB1	-0.2698946532430224	0.008656331037789195	1	0.198	0.271
ATP2B1	0.29092687376043075	0.008944303000627154	1	0.119	0.078
SEP15	0.4255228940992912	0.009074697934343609	1	0.331	0.3
TRIM38	0.34126653434683635	0.009134694150699086	1	0.108	0.068
IDH2	-0.28470169970478154	0.009330015754476903	1	0.102	0.159
TAP1	-0.27530006369084514	0.00993017781831513	1	0.18	0.253
KLF6	-0.3887124787456693	0.010171120677142277	1	0.541	0.629
PSMA5	-0.25609955151849806	0.01051105097315614	1	0.183	0.254
SP140L	0.2529168644909465	0.010598194138878558	1	0.116	0.076
SH3KBP1	-0.4552218690781652	0.010676329700674211	1	0.11	0.166
PTK2B	0.3199026793173215	0.010774774996386792	1	0.105	0.067
GABARAP	0.364317773365022	0.01091468470402436	1	0.375	0.341
GPSM3	-0.2708195290516202	0.010949709930910823	1	0.549	0.674
RP1-313I6.12	0.5392859025007586	0.011306080707336337	1	0.11	0.073
DBNL	0.3579156611280444	0.011631587483672132	1	0.241	0.194
THOC7	0.3972745958102566	0.011634466807026442	1	0.113	0.176
MRPS33	-0.4100166811272259	0.011872806912711838	1	0.067	0.115
MPC2	-0.3799326451103231	0.012752441600381706	1	0.108	0.164
PHF14	0.2647699791788958	0.012890534237272528	1	0.151	0.107
IFI16	0.27675068672695646	0.012918391923684198	1	0.203	0.159
BTF3	-0.25727038294639337	0.012988215982551956	1	0.855	0.913
PMAIP1	0.35448017247281505	0.01350386387445464	1	0.148	0.104
FLOT2	0.3734061532117522	0.013569178155010386	1	0.116	0.079
VRK3	0.2751297890258317	0.013878389095332856	1	0.108	0.07
CIRBP	0.2516781081976567	0.014120299700340696	1	0.727	0.745
CDK5RAP3	0.2724388815787685	0.01427103556851361	1	0.131	0.09
H3F3A	0.3122932108809817	0.014619980359308378	1	0.314	0.272
ATF6B	0.29834577734394907	0.014686292878574942	1	0.18	0.133
BTN3A2	0.3276615991197742	0.014887635474699696	1	0.172	0.238
ENSA	0.2919683903592383	0.0150116119859599	1	0.323	0.281
MIR142	0.2587746549590413	0.01504031822381225	1	0.154	0.11
ECHDC1	0.2612471184458942	0.01590098193627818	1	0.131	0.091
AAMP	0.5470268278659904	0.016419660538117737	1	0.128	0.09
RANBP1	-0.254094771538536	0.016851200493493694	1	0.212	0.295
LGALS9	0.31210362390185786	0.017030272020725077	1	0.113	0.077
BNIP2	0.28856581111462065	0.017158874737334066	1	0.14	0.1
MFSD10	-0.28932072398466285	0.01730416451952619	1	0.058	0.102
VPS28	-0.2729431428731566	0.017714508294674844	1	0.25	0.337
RBBP7	0.4970791206619676	0.017725301539531838	1	0.192	0.15
ZRANB2	0.3514136134066226	0.017765402295648266	1	0.131	0.095
CMTM7	-0.30977034958124416	0.017807249574050138	1	0.137	0.198
ISG15	-0.28378599824204853	0.01819882620729893	1	0.265	0.347
RBBP6	0.2815455550189577	0.018491033726774166	1	0.157	0.119
PRMT1	0.2911993311386496	0.019366173785955003	1	0.244	0.205
DDX46	-0.332841146982244	0.01988597750418259	1	0.108	0.161
ANAPC13	-0.44812176513106916	0.02057277523105628	1	0.058	0.1
LAMTOR5	0.2646406829055712	0.022986925968036708	1	0.273	0.23
GYG1	-0.286965703301817	0.02382117595378135	1	0.061	0.103
HNRNPF	-0.32916071610501585	0.024050555366094944	1	0.331	0.412
EIF3J	0.2509195687547334	0.024195608457920455	1	0.137	0.097
SET	0.35947752168425706	0.024348461303047287	1	0.154	0.116
LINC00936	0.37585552699047353	0.024457682727712284	1	0.218	0.179
SF3B5	-0.3140506102077354	0.024816133805979766	1	0.27	0.361
HDAC1	-0.31038176730388445	0.026490952978926435	1	0.122	0.18
SNRPE	-0.27878697905523286	0.027452401695885937	1	0.116	0.17
SMIM12	-0.28313429154486797	0.02925251217492302	1	0.064	0.104
ACO2	0.2843913770241116	0.03055960305565548	1	0.105	0.073
TAGLN2	0.33812626129400947	0.031190602290732276	1	0.494	0.477
DARS	0.3227263808133335	0.03160853995413362	1	0.174	0.137
NELFCD	0.4094889102525942	0.034653005849045605	1	0.108	0.077
MAP1LC3B	0.2610617992323865	0.03747900106533203	1	0.253	0.214
ACTR2	0.26020742860642665	0.03922849579528252	1	0.189	0.154
HAGH	0.8767431269700252	0.0395384445973304	1	0.07	0.109
ARL2	-0.2643574351602628	0.04460607136152763	1	0.081	0.121
SUMO3	0.5594377618323709	0.045952803850766506	1	0.142	0.194
FERMT3	-0.35379149040364566	0.04808792867084983	1	0.108	0.152
PRKAR1A	0.30053801826942284	0.05175116102959398	1	0.183	0.152
AL592183.1	0.27562911621524133	0.05573187062266772	1	0.154	0.12
MGEA5	0.3273837451333099	0.05932414559001837	1	0.131	0.102
MYCBP2	0.4504678265128311	0.06338510896246635	1	0.11	0.082
CCNG1	0.382490662675517	0.06535388015288775	1	0.145	0.198
SPCS2	0.2953257186686107	0.06925747099228854	1	0.331	0.324
WHSC1L1	0.34289345159103546	0.0768065180606639	1	0.192	0.16
PTPN18	0.28218419224919156	0.07756726217647074	1	0.116	0.088
FNTA	0.4170090666147165	0.0806491569369281	1	0.131	0.174
C12orf10	0.4910791286052044	0.08252832624204738	1	0.076	0.11
DDX27	0.35390302173947047	0.08258859091458909	1	0.113	0.088
CD69	0.29212035851050944	0.08341784735133968	1	0.468	0.46
ZNF207	0.4022608442994867	0.08453508162374646	1	0.203	0.173
RNF213	-0.27232459431768363	0.08614801625650789	1	0.154	0.198
TRIM22	0.28557428771782545	0.08913585252937681	1	0.209	0.185
IRF9	0.49611963058644803	0.0896069297282227	1	0.151	0.122
SEC61B	-0.25173311199824844	0.09230695275296003	1	0.247	0.298
HMGB1	0.4006049255726962	0.09296809218603017	1	0.64	0.665
SLTM	0.34069295402523836	0.09375173312934973	1	0.163	0.135
PRDX1	-0.25442947036579944	0.09585501406101443	1	0.23	0.288
TINF2	0.5686814689837886	0.09585925217175605	1	0.142	0.116
ROCK1	0.3187794469697188	0.09716252839822427	1	0.169	0.145
MRPL51	-0.25601656440622944	0.09840715462851497	1	0.14	0.18
C14orf166	0.29750013051173063	0.1030126323706295	1	0.247	0.32
PPP3CC	0.2659605255355183	0.10516655430671216	1	0.137	0.111
SNX5	0.31599986856377527	0.1073626755178562	1	0.108	0.083
HNRNPDL	0.30845171910745295	0.123264342713123	1	0.602	0.644
NDUFA2	-0.3645193170886878	0.12369086017396763	1	0.18	0.221
TRAPPC3	-0.27092238618679276	0.12378052237441302	1	0.113	0.15
SNX17	0.263099237500076	0.12665118076614143	1	0.212	0.188
ARFGAP2	0.28519385500502525	0.13674655190215712	1	0.125	0.102
MAF1	0.6968637798899242	0.14189995788843152	1	0.241	0.224
OAZ2	0.2957319426335637	0.1440715662588291	1	0.102	0.08
NSFL1C	0.32441998923367876	0.14886508716488833	1	0.119	0.097
SMCHD1	0.6008030264411323	0.17238480664538608	1	0.14	0.119
ATP5O	0.34432416297287616	0.1768990608886754	1	0.427	0.44
TSTD1	0.3160518844891298	0.1783714870964852	1	0.279	0.274
LRCH4	0.35742657592278326	0.17988499295463442	1	0.099	0.129
GHITM	0.27648479418084326	0.18362495405405893	1	0.294	0.354
LBH	0.26379964299633585	0.20144556219254664	1	0.224	0.21
ASAH1	0.27924743114091766	0.20220867581176546	1	0.151	0.131
CNPY3	0.3172860448498681	0.2070195985964098	1	0.192	0.172
CHD2	0.2869723302263183	0.2134747476927127	1	0.166	0.15
DERL1	-0.3056986344037515	0.22094807225922689	1	0.078	0.1
BEST1	0.30828298975643065	0.22227349484512413	1	0.142	0.126
WBP2	0.3110097537214159	0.22639371642715758	1	0.157	0.137
MMADHC	0.9596295794125141	0.23767333077009511	1	0.11	0.142
RTFDC1	0.5696730450142121	0.2385434817744358	1	0.195	0.179
AATF	0.28527077187622174	0.24067320215786514	1	0.116	0.098
DNAJA1	-0.2564765620877383	0.2496312723437043	1	0.238	0.275
EIF6	0.2941996866201032	0.28472884677518684	1	0.189	0.176
LBR	0.5015446624661782	0.3146471573665481	1	0.084	0.106
NONO	0.34836294073610286	0.31666709913599306	1	0.145	0.175
PPP1R2	0.432311509933361	0.3375622220214421	1	0.282	0.328
APOBEC3G	-0.2535846332224374	0.35907047450027807	1	0.18	0.209
STK17A	0.33666204197615546	0.3838007114531462	1	0.375	0.399
RCN2	0.3375541089784947	0.3888420538467441	1	0.131	0.156
UPF3A	0.32959590376971404	0.3968583340708485	1	0.116	0.103
YWHAE	0.3079618637059628	0.5215246826714396	1	0.093	0.106
ERICH1	0.3056383374094246	0.5409285866415612	1	0.102	0.092
PYCARD	0.5504720980136962	0.570956443194718	1	0.201	0.198
RHOA	0.3978915304539923	0.5760132362481172	1	0.459	0.498
TANK	0.2802366702883309	0.5843428408034921	1	0.11	0.105
YPEL3	0.5732329754511726	0.590611418351271	1	0.163	0.155
GABARAPL2	0.2876083510518075	0.6153805610294573	1	0.317	0.354
MRPL43	0.5410225312902798	0.6247459216427522	1	0.148	0.169
ANXA6	0.3132202483608024	0.6269757066462027	1	0.308	0.322
RBM25	0.6369629701698547	0.6313602442532114	1	0.151	0.173
RAB7A	0.40951502394970896	0.6344658545459771	1	0.25	0.279
PRRC2C	0.2509166412419601	0.6422547625101592	1	0.198	0.2
UBXN4	0.6469566022939088	0.6663362412895935	1	0.192	0.192
RBM39	0.4261184693300546	0.6980820973424254	1	0.323	0.367
CCT4	0.28437421459268664	0.7027967751759439	1	0.209	0.228
EIF5B	0.42332399761659145	0.7177964847622973	1	0.142	0.158
MTERFD2	0.3333411982173934	0.7192461914593867	1	0.096	0.106
UBE2L6	0.5239281042706618	0.7336559769746382	1	0.244	0.274
DECR1	0.36152180785058075	0.8437440970266898	1	0.151	0.151
RNPS1	0.29242251145829345	0.8506846002703081	1	0.241	0.248
EIF2S3	0.2831664988294358	0.8578758596107824	1	0.215	0.227
CCT6A	0.40732700950569845	0.8616018542357898	1	0.148	0.161
DDT	0.6793741192525135	0.8686439619573771	1	0.169	0.175
SMS	0.4022432320955428	0.9521244601689687	1	0.119	0.124
NR3C1	0.6430233302766395	0.9567454013783195	1	0.108	0.11
PLEKHJ1	0.5787109575959966	0.9678813459147211	1	0.142	0.148
